"id","person_id","customer_id","created_at","updated_at"
"1","693540132","14b76a2f-4545-4fb7-92e9-ecd3a5f49a4b","2023-12-18 11:12:06.004224","2023-12-18 11:12:06.004224"
"2","52762066","7538cb11-1c23-4c76-87c7-5111a0f166dc","2024-01-08 12:16:42.929284","2024-01-08 12:16:42.929284"
"3","1567835","7538cb11-1c23-4c76-87c7-5111a0f166dc","2024-01-16 13:22:26.07533","2024-01-16 13:22:26.07533"
"4","16135235","7538cb11-1c23-4c76-87c7-5111a0f166dc","2024-01-16 13:26:40.111198","2024-01-16 13:26:40.111198"
"5","48171849","7538cb11-1c23-4c76-87c7-5111a0f166dc","2024-01-16 13:29:43.778281","2024-01-16 13:29:43.778281"
"6","693540132","7538cb11-1c23-4c76-87c7-5111a0f166dc","2024-01-19 10:13:25.167006","2024-01-19 10:13:25.167006"
"7","101255","7538cb11-1c23-4c76-87c7-5111a0f166dc","2024-02-07 11:24:00.504102","2024-02-07 11:24:00.504102"
"8","124469","7538cb11-1c23-4c76-87c7-5111a0f166dc","2024-02-07 11:24:00.584853","2024-02-07 11:24:00.584853"
"9","149312","7538cb11-1c23-4c76-87c7-5111a0f166dc","2024-02-07 11:24:00.610963","2024-02-07 11:24:00.610963"
"10","175688","7538cb11-1c23-4c76-87c7-5111a0f166dc","2024-02-07 11:24:02.641039","2024-02-07 11:24:02.641039"
"11","225814","7538cb11-1c23-4c76-87c7-5111a0f166dc","2024-02-07 11:24:02.66739","2024-02-07 11:24:02.66739"
"12","227168","7538cb11-1c23-4c76-87c7-5111a0f166dc","2024-02-07 11:24:02.69761","2024-02-07 11:24:02.69761"
"13","252910","7538cb11-1c23-4c76-87c7-5111a0f166dc","2024-02-07 11:24:02.733197","2024-02-07 11:24:02.733197"
"14","321427","7538cb11-1c23-4c76-87c7-5111a0f166dc","2024-02-07 11:24:02.792517","2024-02-07 11:24:02.792517"
"15","368727","7538cb11-1c23-4c76-87c7-5111a0f166dc","2024-02-07 11:24:02.848489","2024-02-07 11:24:02.848489"
"16","431903","7538cb11-1c23-4c76-87c7-5111a0f166dc","2024-02-07 11:24:02.881239","2024-02-07 11:24:02.881239"
"17","574392","7538cb11-1c23-4c76-87c7-5111a0f166dc","2024-02-07 11:24:02.906042","2024-02-07 11:24:02.906042"
"18","586843","7538cb11-1c23-4c76-87c7-5111a0f166dc","2024-02-07 11:24:02.944333","2024-02-07 11:24:02.944333"
"19","625782","7538cb11-1c23-4c76-87c7-5111a0f166dc","2024-02-07 11:24:02.981644","2024-02-07 11:24:02.981644"
"20","630454","7538cb11-1c23-4c76-87c7-5111a0f166dc","2024-02-07 11:24:03.031725","2024-02-07 11:24:03.031725"
"21","675418","7538cb11-1c23-4c76-87c7-5111a0f166dc","2024-02-07 11:24:03.084644","2024-02-07 11:24:03.084644"
"22","701116","7538cb11-1c23-4c76-87c7-5111a0f166dc","2024-02-07 11:24:03.130185","2024-02-07 11:24:03.130185"
"23","734368","7538cb11-1c23-4c76-87c7-5111a0f166dc","2024-02-07 11:24:05.38593","2024-02-07 11:24:05.38593"
"24","757514","7538cb11-1c23-4c76-87c7-5111a0f166dc","2024-02-07 11:24:05.462963","2024-02-07 11:24:05.462963"
"25","773874","7538cb11-1c23-4c76-87c7-5111a0f166dc","2024-02-07 11:24:05.519615","2024-02-07 11:24:05.519615"
"26","793119","7538cb11-1c23-4c76-87c7-5111a0f166dc","2024-02-07 11:24:05.607692","2024-02-07 11:24:05.607692"
"27","820951","7538cb11-1c23-4c76-87c7-5111a0f166dc","2024-02-07 11:24:05.740744","2024-02-07 11:24:05.740744"
"28","956804","7538cb11-1c23-4c76-87c7-5111a0f166dc","2024-02-07 11:24:05.82182","2024-02-07 11:24:05.82182"
"29","1012871","7538cb11-1c23-4c76-87c7-5111a0f166dc","2024-02-07 11:24:05.880895","2024-02-07 11:24:05.880895"
"30","1072261","7538cb11-1c23-4c76-87c7-5111a0f166dc","2024-02-07 11:24:05.924268","2024-02-07 11:24:05.924268"
"31","1087136","7538cb11-1c23-4c76-87c7-5111a0f166dc","2024-02-07 11:24:05.971867","2024-02-07 11:24:05.971867"
"32","1099324","7538cb11-1c23-4c76-87c7-5111a0f166dc","2024-02-07 11:24:06.034492","2024-02-07 11:24:06.034492"
"33","1197051","7538cb11-1c23-4c76-87c7-5111a0f166dc","2024-02-07 11:24:06.112913","2024-02-07 11:24:06.112913"
"34","1199279","7538cb11-1c23-4c76-87c7-5111a0f166dc","2024-02-07 11:24:06.166221","2024-02-07 11:24:06.166221"
"35","1205136","7538cb11-1c23-4c76-87c7-5111a0f166dc","2024-02-07 11:24:06.32924","2024-02-07 11:24:06.32924"
"36","1235856","7538cb11-1c23-4c76-87c7-5111a0f166dc","2024-02-07 11:24:06.451846","2024-02-07 11:24:06.451846"
"37","1236468","7538cb11-1c23-4c76-87c7-5111a0f166dc","2024-02-07 11:24:07.842387","2024-02-07 11:24:07.842387"
"38","1279614","7538cb11-1c23-4c76-87c7-5111a0f166dc","2024-02-07 11:24:07.923771","2024-02-07 11:24:07.923771"
"39","1316856","7538cb11-1c23-4c76-87c7-5111a0f166dc","2024-02-07 11:24:08.00121","2024-02-07 11:24:08.00121"
"40","1373896","7538cb11-1c23-4c76-87c7-5111a0f166dc","2024-02-07 11:24:08.05326","2024-02-07 11:24:08.05326"
"41","1411727","7538cb11-1c23-4c76-87c7-5111a0f166dc","2024-02-07 11:24:08.098912","2024-02-07 11:24:08.098912"
"42","1420981","7538cb11-1c23-4c76-87c7-5111a0f166dc","2024-02-07 11:24:08.136303","2024-02-07 11:24:08.136303"
"43","1421522","7538cb11-1c23-4c76-87c7-5111a0f166dc","2024-02-07 11:24:08.16264","2024-02-07 11:24:08.16264"
"44","118418234","7538cb11-1c23-4c76-87c7-5111a0f166dc","2024-02-09 12:07:53.932449","2024-02-09 12:07:53.932449"
"45","64876372","7538cb11-1c23-4c76-87c7-5111a0f166dc","2024-02-09 12:07:53.990556","2024-02-09 12:07:53.990556"
"46","67121188","7538cb11-1c23-4c76-87c7-5111a0f166dc","2024-02-09 12:07:54.061834","2024-02-09 12:07:54.061834"
"47","57288072","7538cb11-1c23-4c76-87c7-5111a0f166dc","2024-02-09 12:07:56.178858","2024-02-09 12:07:56.178858"
"48","747062710","7538cb11-1c23-4c76-87c7-5111a0f166dc","2024-02-09 12:07:56.251128","2024-02-09 12:07:56.251128"
"49","741629676","7538cb11-1c23-4c76-87c7-5111a0f166dc","2024-02-09 12:07:56.360838","2024-02-09 12:07:56.360838"
"50","745971556","7538cb11-1c23-4c76-87c7-5111a0f166dc","2024-02-09 12:07:56.423778","2024-02-09 12:07:56.423778"
"51","993308913","7538cb11-1c23-4c76-87c7-5111a0f166dc","2024-02-09 12:07:56.462064","2024-02-09 12:07:56.462064"
"52","993985187","7538cb11-1c23-4c76-87c7-5111a0f166dc","2024-02-09 12:07:56.502386","2024-02-09 12:07:56.502386"
"53","994637657","7538cb11-1c23-4c76-87c7-5111a0f166dc","2024-02-09 12:07:56.580109","2024-02-09 12:07:56.580109"
"54","1017713620","7538cb11-1c23-4c76-87c7-5111a0f166dc","2024-02-09 12:07:56.615984","2024-02-09 12:07:56.615984"
"55","837503042","7538cb11-1c23-4c76-87c7-5111a0f166dc","2024-02-09 12:07:56.656147","2024-02-09 12:07:56.656147"
"56","778561577","7538cb11-1c23-4c76-87c7-5111a0f166dc","2024-02-09 12:07:56.689777","2024-02-09 12:07:56.689777"
"57","789056453","7538cb11-1c23-4c76-87c7-5111a0f166dc","2024-02-09 12:07:56.721577","2024-02-09 12:07:56.721577"
"58","787025923","7538cb11-1c23-4c76-87c7-5111a0f166dc","2024-02-09 12:07:56.769402","2024-02-09 12:07:56.769402"
"59","856482513","7538cb11-1c23-4c76-87c7-5111a0f166dc","2024-02-09 12:07:56.813042","2024-02-09 12:07:56.813042"
"60","949256266","7538cb11-1c23-4c76-87c7-5111a0f166dc","2024-02-09 12:07:56.872068","2024-02-09 12:07:56.872068"
"61","122883279","7538cb11-1c23-4c76-87c7-5111a0f166dc","2024-02-09 12:07:56.920312","2024-02-09 12:07:56.920312"
"62","124612718","7538cb11-1c23-4c76-87c7-5111a0f166dc","2024-02-09 12:07:56.981501","2024-02-09 12:07:56.981501"
"63","103025237","7538cb11-1c23-4c76-87c7-5111a0f166dc","2024-02-09 12:07:57.060116","2024-02-09 12:07:57.060116"
"64","89139296","7538cb11-1c23-4c76-87c7-5111a0f166dc","2024-02-09 12:07:58.656653","2024-02-09 12:07:58.656653"
"65","93367049","7538cb11-1c23-4c76-87c7-5111a0f166dc","2024-02-09 12:07:58.739808","2024-02-09 12:07:58.739808"
"66","990279375","7538cb11-1c23-4c76-87c7-5111a0f166dc","2024-02-09 12:07:58.794819","2024-02-09 12:07:58.794819"
"67","728055594","7538cb11-1c23-4c76-87c7-5111a0f166dc","2024-02-09 12:07:58.834619","2024-02-09 12:07:58.834619"
"68","936754239","7538cb11-1c23-4c76-87c7-5111a0f166dc","2024-02-09 12:07:58.875451","2024-02-09 12:07:58.875451"
"69","937425828","7538cb11-1c23-4c76-87c7-5111a0f166dc","2024-02-09 12:07:58.921325","2024-02-09 12:07:58.921325"
"70","942851003","7538cb11-1c23-4c76-87c7-5111a0f166dc","2024-02-09 12:07:58.993848","2024-02-09 12:07:58.993848"
"71","859525920","7538cb11-1c23-4c76-87c7-5111a0f166dc","2024-02-09 12:07:59.064843","2024-02-09 12:07:59.064843"
"72","718242022","7538cb11-1c23-4c76-87c7-5111a0f166dc","2024-02-09 12:07:59.127028","2024-02-09 12:07:59.127028"
"73","708025988","7538cb11-1c23-4c76-87c7-5111a0f166dc","2024-02-09 12:07:59.19241","2024-02-09 12:07:59.19241"
"74","952242351","7538cb11-1c23-4c76-87c7-5111a0f166dc","2024-02-09 12:07:59.230209","2024-02-09 12:07:59.230209"
"75","953974165","7538cb11-1c23-4c76-87c7-5111a0f166dc","2024-02-09 12:07:59.260849","2024-02-09 12:07:59.260849"
"76","960796091","7538cb11-1c23-4c76-87c7-5111a0f166dc","2024-02-09 12:07:59.285942","2024-02-09 12:07:59.285942"
"77","956740744","7538cb11-1c23-4c76-87c7-5111a0f166dc","2024-02-09 12:07:59.312054","2024-02-09 12:07:59.312054"
"78","917044821","7538cb11-1c23-4c76-87c7-5111a0f166dc","2024-02-09 12:07:59.339596","2024-02-09 12:07:59.339596"
"79","982127478","7538cb11-1c23-4c76-87c7-5111a0f166dc","2024-02-09 12:07:59.406235","2024-02-09 12:07:59.406235"
"80","85250785","7538cb11-1c23-4c76-87c7-5111a0f166dc","2024-02-09 12:07:59.452655","2024-02-09 12:07:59.452655"
"81","76851737","7538cb11-1c23-4c76-87c7-5111a0f166dc","2024-02-09 12:07:59.485371","2024-02-09 12:07:59.485371"
"82","715859477","7538cb11-1c23-4c76-87c7-5111a0f166dc","2024-02-09 12:07:59.532132","2024-02-09 12:07:59.532132"
"83","94178805","7538cb11-1c23-4c76-87c7-5111a0f166dc","2024-02-09 12:07:59.764351","2024-02-09 12:07:59.764351"
"84","96276184","7538cb11-1c23-4c76-87c7-5111a0f166dc","2024-02-09 12:07:59.80608","2024-02-09 12:07:59.80608"
"85","92297837","7538cb11-1c23-4c76-87c7-5111a0f166dc","2024-02-09 12:07:59.869266","2024-02-09 12:07:59.869266"
"86","1040718272","7538cb11-1c23-4c76-87c7-5111a0f166dc","2024-02-09 12:07:59.919265","2024-02-09 12:07:59.919265"
"87","1044260885","7538cb11-1c23-4c76-87c7-5111a0f166dc","2024-02-09 12:08:02.204496","2024-02-09 12:08:02.204496"
"88","124628628","7538cb11-1c23-4c76-87c7-5111a0f166dc","2024-02-09 12:08:02.334032","2024-02-09 12:08:02.334032"
"89","1157318885","7538cb11-1c23-4c76-87c7-5111a0f166dc","2024-02-09 12:08:02.378397","2024-02-09 12:08:02.378397"
"90","1169460415","7538cb11-1c23-4c76-87c7-5111a0f166dc","2024-02-09 12:08:02.408396","2024-02-09 12:08:02.408396"
"91","74707094","7538cb11-1c23-4c76-87c7-5111a0f166dc","2024-02-09 12:08:02.438358","2024-02-09 12:08:02.438358"
"92","21935754","7538cb11-1c23-4c76-87c7-5111a0f166dc","2024-02-09 12:08:02.464285","2024-02-09 12:08:02.464285"
"93","770222155","7538cb11-1c23-4c76-87c7-5111a0f166dc","2024-02-09 12:08:02.491568","2024-02-09 12:08:02.491568"
"94","1082448371","7538cb11-1c23-4c76-87c7-5111a0f166dc","2024-02-09 12:08:02.518893","2024-02-09 12:08:02.518893"
"95","1042055636","7538cb11-1c23-4c76-87c7-5111a0f166dc","2024-02-09 12:08:02.55055","2024-02-09 12:08:02.55055"
"96","124440405","7538cb11-1c23-4c76-87c7-5111a0f166dc","2024-02-09 12:08:02.591997","2024-02-09 12:08:02.591997"
"97","124021464","7538cb11-1c23-4c76-87c7-5111a0f166dc","2024-02-09 12:08:02.625943","2024-02-09 12:08:02.625943"
"98","883914181","7538cb11-1c23-4c76-87c7-5111a0f166dc","2024-02-09 12:08:02.747322","2024-02-09 12:08:02.747322"
"99","902184389","7538cb11-1c23-4c76-87c7-5111a0f166dc","2024-02-09 12:08:02.833725","2024-02-09 12:08:02.833725"
"100","909645082","7538cb11-1c23-4c76-87c7-5111a0f166dc","2024-02-09 12:08:02.872391","2024-02-09 12:08:02.872391"
"101","74666514","7538cb11-1c23-4c76-87c7-5111a0f166dc","2024-02-09 12:08:02.919389","2024-02-09 12:08:02.919389"
"102","71726687","7538cb11-1c23-4c76-87c7-5111a0f166dc","2024-02-09 12:08:02.963292","2024-02-09 12:08:02.963292"
"103","74982341","7538cb11-1c23-4c76-87c7-5111a0f166dc","2024-02-09 12:08:02.998065","2024-02-09 12:08:02.998065"
"104","75073132","7538cb11-1c23-4c76-87c7-5111a0f166dc","2024-02-09 12:08:03.038693","2024-02-09 12:08:03.038693"
"105","51432999","7538cb11-1c23-4c76-87c7-5111a0f166dc","2024-02-09 12:08:03.080346","2024-02-09 12:08:03.080346"
"106","65673618","7538cb11-1c23-4c76-87c7-5111a0f166dc","2024-02-09 12:08:03.145743","2024-02-09 12:08:03.145743"
"107","67766181","7538cb11-1c23-4c76-87c7-5111a0f166dc","2024-02-09 12:08:03.176342","2024-02-09 12:08:03.176342"
"108","54233909","7538cb11-1c23-4c76-87c7-5111a0f166dc","2024-02-09 12:08:03.20796","2024-02-09 12:08:03.20796"
"109","25338641","7538cb11-1c23-4c76-87c7-5111a0f166dc","2024-02-09 12:08:03.304038","2024-02-09 12:08:03.304038"
"111","28729993","7538cb11-1c23-4c76-87c7-5111a0f166dc","2024-02-09 12:08:05.591991","2024-02-09 12:08:05.591991"
"112","24679216","7538cb11-1c23-4c76-87c7-5111a0f166dc","2024-02-09 12:08:05.646789","2024-02-09 12:08:05.646789"
"113","30003849","7538cb11-1c23-4c76-87c7-5111a0f166dc","2024-02-09 12:08:05.69854","2024-02-09 12:08:05.69854"
"121","19996701","7538cb11-1c23-4c76-87c7-5111a0f166dc","2024-02-09 12:08:06.34797","2024-02-09 12:08:06.34797"
"122","20891932","7538cb11-1c23-4c76-87c7-5111a0f166dc","2024-02-09 12:08:06.423576","2024-02-09 12:08:06.423576"
"123","20916348","7538cb11-1c23-4c76-87c7-5111a0f166dc","2024-02-09 12:08:06.480164","2024-02-09 12:08:06.480164"
"124","37933678","7538cb11-1c23-4c76-87c7-5111a0f166dc","2024-02-09 12:08:06.512535","2024-02-09 12:08:06.512535"
"125","26470145","7538cb11-1c23-4c76-87c7-5111a0f166dc","2024-02-09 12:08:06.546978","2024-02-09 12:08:06.546978"
"126","16049707","7538cb11-1c23-4c76-87c7-5111a0f166dc","2024-02-09 12:08:06.581304","2024-02-09 12:08:06.581304"
"127","20316412","7538cb11-1c23-4c76-87c7-5111a0f166dc","2024-02-09 12:08:08.257815","2024-02-09 12:08:08.257815"
"128","86953298","7538cb11-1c23-4c76-87c7-5111a0f166dc","2024-02-09 12:08:08.287674","2024-02-09 12:08:08.287674"
"129","87998964","7538cb11-1c23-4c76-87c7-5111a0f166dc","2024-02-09 12:08:08.333202","2024-02-09 12:08:08.333202"
"130","741189402","7538cb11-1c23-4c76-87c7-5111a0f166dc","2024-02-09 12:08:08.391015","2024-02-09 12:08:08.391015"
"131","1058792153","7538cb11-1c23-4c76-87c7-5111a0f166dc","2024-02-09 12:08:08.41972","2024-02-09 12:08:08.41972"
"132","1117572862","7538cb11-1c23-4c76-87c7-5111a0f166dc","2024-02-09 12:08:08.441708","2024-02-09 12:08:08.441708"
"133","27131879","7538cb11-1c23-4c76-87c7-5111a0f166dc","2024-02-09 12:08:08.464422","2024-02-09 12:08:08.464422"
"110","26286540","7538cb11-1c23-4c76-87c7-5111a0f166dc","2024-02-09 12:08:05.523136","2024-02-09 12:08:05.523136"
"114","22355698","7538cb11-1c23-4c76-87c7-5111a0f166dc","2024-02-09 12:08:05.748263","2024-02-09 12:08:05.748263"
"115","22520336","7538cb11-1c23-4c76-87c7-5111a0f166dc","2024-02-09 12:08:05.785989","2024-02-09 12:08:05.785989"
"116","22864801","7538cb11-1c23-4c76-87c7-5111a0f166dc","2024-02-09 12:08:05.817439","2024-02-09 12:08:05.817439"
"117","22973607","7538cb11-1c23-4c76-87c7-5111a0f166dc","2024-02-09 12:08:05.841863","2024-02-09 12:08:05.841863"
"118","23766587","7538cb11-1c23-4c76-87c7-5111a0f166dc","2024-02-09 12:08:05.868102","2024-02-09 12:08:05.868102"
"119","22640178","7538cb11-1c23-4c76-87c7-5111a0f166dc","2024-02-09 12:08:05.90859","2024-02-09 12:08:05.90859"
"120","21360363","7538cb11-1c23-4c76-87c7-5111a0f166dc","2024-02-09 12:08:05.964413","2024-02-09 12:08:05.964413"
"134","1934994","7538cb11-1c23-4c76-87c7-5111a0f166dc","2024-02-13 06:38:35.344872","2024-02-13 06:38:35.344872"
"135","14271088","7538cb11-1c23-4c76-87c7-5111a0f166dc","2024-02-13 06:38:35.464969","2024-02-13 06:38:35.464969"
"136","15291733","7538cb11-1c23-4c76-87c7-5111a0f166dc","2024-02-13 06:38:35.526317","2024-02-13 06:38:35.526317"
"137","15884333","7538cb11-1c23-4c76-87c7-5111a0f166dc","2024-02-13 06:38:35.573915","2024-02-13 06:38:35.573915"
"138","16281102","7538cb11-1c23-4c76-87c7-5111a0f166dc","2024-02-13 06:38:35.63093","2024-02-13 06:38:35.63093"
"139","18580496","7538cb11-1c23-4c76-87c7-5111a0f166dc","2024-02-13 06:38:35.744827","2024-02-13 06:38:35.744827"
"140","20139043","7538cb11-1c23-4c76-87c7-5111a0f166dc","2024-02-13 06:38:35.851964","2024-02-13 06:38:35.851964"
"141","20704847","7538cb11-1c23-4c76-87c7-5111a0f166dc","2024-02-13 06:38:35.922837","2024-02-13 06:38:35.922837"
"142","21078740","7538cb11-1c23-4c76-87c7-5111a0f166dc","2024-02-13 06:38:35.95431","2024-02-13 06:38:35.95431"
"143","22531996","7538cb11-1c23-4c76-87c7-5111a0f166dc","2024-02-13 06:38:36.006343","2024-02-13 06:38:36.006343"
"144","22565708","7538cb11-1c23-4c76-87c7-5111a0f166dc","2024-02-13 06:38:36.095375","2024-02-13 06:38:36.095375"
"145","24712249","7538cb11-1c23-4c76-87c7-5111a0f166dc","2024-02-13 06:38:36.173772","2024-02-13 06:38:36.173772"
"146","25382279","7538cb11-1c23-4c76-87c7-5111a0f166dc","2024-02-13 06:38:36.241584","2024-02-13 06:38:36.241584"
"147","27067511","7538cb11-1c23-4c76-87c7-5111a0f166dc","2024-02-13 06:38:36.352309","2024-02-13 06:38:36.352309"
"148","27098366","7538cb11-1c23-4c76-87c7-5111a0f166dc","2024-02-13 06:38:36.501662","2024-02-13 06:38:36.501662"
"149","36117755","7538cb11-1c23-4c76-87c7-5111a0f166dc","2024-02-13 06:38:36.783002","2024-02-13 06:38:36.783002"
"150","39293249","7538cb11-1c23-4c76-87c7-5111a0f166dc","2024-02-13 06:38:37.329716","2024-02-13 06:38:37.329716"
"151","44960571","7538cb11-1c23-4c76-87c7-5111a0f166dc","2024-02-13 06:38:37.802363","2024-02-13 06:38:37.802363"
"152","45253266","7538cb11-1c23-4c76-87c7-5111a0f166dc","2024-02-13 06:38:38.173315","2024-02-13 06:38:38.173315"
"153","46280506","7538cb11-1c23-4c76-87c7-5111a0f166dc","2024-02-13 06:54:04.61345","2024-02-13 06:54:04.61345"
"154","46293160","7538cb11-1c23-4c76-87c7-5111a0f166dc","2024-02-13 06:54:54.536623","2024-02-13 06:54:54.536623"
"155","46313509","7538cb11-1c23-4c76-87c7-5111a0f166dc","2024-02-13 06:55:03.546442","2024-02-13 06:55:03.546442"
"156","57722305","7538cb11-1c23-4c76-87c7-5111a0f166dc","2024-02-13 06:55:04.847876","2024-02-13 06:55:04.847876"
"157","65000338","7538cb11-1c23-4c76-87c7-5111a0f166dc","2024-02-13 06:55:07.16364","2024-02-13 06:55:07.16364"
"158","67382103","7538cb11-1c23-4c76-87c7-5111a0f166dc","2024-02-13 06:55:17.71092","2024-02-13 06:55:17.71092"
"159","68149741","7538cb11-1c23-4c76-87c7-5111a0f166dc","2024-02-13 06:55:29.912875","2024-02-13 06:55:29.912875"
"160","80408154","7538cb11-1c23-4c76-87c7-5111a0f166dc","2024-02-13 06:55:39.159574","2024-02-13 06:55:39.159574"
"161","89079137","7538cb11-1c23-4c76-87c7-5111a0f166dc","2024-02-13 06:56:00.417499","2024-02-13 06:56:00.417499"
"162","89171122","7538cb11-1c23-4c76-87c7-5111a0f166dc","2024-02-13 06:56:16.716273","2024-02-13 06:56:16.716273"
"163","89239536","7538cb11-1c23-4c76-87c7-5111a0f166dc","2024-02-13 06:56:44.382991","2024-02-13 06:56:44.382991"
"164","89758789","7538cb11-1c23-4c76-87c7-5111a0f166dc","2024-02-13 06:56:44.445785","2024-02-13 06:56:44.445785"
"165","93969326","7538cb11-1c23-4c76-87c7-5111a0f166dc","2024-02-13 06:56:44.497129","2024-02-13 06:56:44.497129"
"166","94048584","7538cb11-1c23-4c76-87c7-5111a0f166dc","2024-02-13 06:56:44.529273","2024-02-13 06:56:44.529273"
